{
 "exp": "how it forgets a tree below capacity",
 "V": 256,
 "results": [
  {
   "w": 2,
   "recall": 0.45098039215686275,
   "auc_subtree": 0.5733540372670808,
   "auc_shallow": 0.7294409937888199,
   "auc_popular": 0.8394409937888199,
   "perm": 0.48738509316770184,
   "wrong_to_hub": 0.5571428571428572,
   "hub_base": 0.11328125,
   "wrong_to_ancestor": 0.1,
   "anc_base": 0.01836703431372549,
   "pred_indeg": 3.407142857142857,
   "indeg_base": 0.99609375
  },
  {
   "w": 3,
   "recall": 0.8274509803921568,
   "auc_subtree": 0.5724903059026282,
   "auc_shallow": 0.5529943989659629,
   "auc_popular": 0.6221456268849633,
   "perm": 0.5183810857389056,
   "wrong_to_hub": 0.4772727272727273,
   "hub_base": 0.11328125,
   "wrong_to_ancestor": 0.09090909090909091,
   "anc_base": 0.01836703431372549,
   "pred_indeg": 2.5,
   "indeg_base": 0.99609375
  },
  {
   "w": 4,
   "recall": 0.9254901960784314,
   "auc_subtree": 0.4362176628010705,
   "auc_shallow": 0.4950936663693131,
   "auc_popular": 0.495985727029438,
   "perm": 0.47426404995539695,
   "wrong_to_hub": 0.9473684210526315,
   "hub_base": 0.11328125,
   "wrong_to_ancestor": 0.05263157894736842,
   "anc_base": 0.01836703431372549,
   "pred_indeg": 3.3684210526315788,
   "indeg_base": 0.99609375
  }
 ],
 "verdict": "STRUCTURED forgetting (keeps trunk/hubs, loses twigs)"
}