{
 "exp": "min brain to store a tree exactly",
 "Vs": [
  32,
  64,
  128,
  256
 ],
 "rows": [
  {
   "V": 32,
   "bits": 112.6632636523603,
   "threshold": [
    4,
    308
   ],
   "curve": [
    [
     2,
     0.484,
     166
    ],
    [
     3,
     0.968,
     236
    ],
    [
     4,
     1.0,
     308
    ],
    [
     6,
     1.0,
     458
    ],
    [
     8,
     1.0,
     616
    ],
    [
     12,
     1.0,
     956
    ],
    [
     16,
     1.0,
     1328
    ],
    [
     24,
     1.0,
     2168
    ],
    [
     32,
     1.0,
     3136
    ],
    [
     48,
     1.0,
     5456
    ],
    [
     64,
     1.0,
     8288
    ],
    [
     96,
     1.0,
     15488
    ]
   ]
  },
  {
   "V": 64,
   "bits": 289.995143941724,
   "threshold": [
    3,
    460
   ],
   "curve": [
    [
     2,
     0.905,
     326
    ],
    [
     3,
     1.0,
     460
    ],
    [
     4,
     1.0,
     596
    ],
    [
     6,
     1.0,
     874
    ],
    [
     8,
     1.0,
     1160
    ],
    [
     12,
     1.0,
     1756
    ],
    [
     16,
     1.0,
     2384
    ],
    [
     24,
     1.0,
     3736
    ],
    [
     32,
     1.0,
     5216
    ],
    [
     48,
     1.0,
     8560
    ],
    [
     64,
     1.0,
     12416
    ],
    [
     96,
     1.0,
     21664
    ]
   ]
  },
  {
   "V": 128,
   "bits": 709.1617220836218,
   "threshold": [
    6,
    1706
   ],
   "curve": [
    [
     2,
     0.874,
     646
    ],
    [
     3,
     0.969,
     908
    ],
    [
     4,
     0.874,
     1172
    ],
    [
     6,
     1.0,
     1706
    ],
    [
     8,
     1.0,
     2248
    ],
    [
     12,
     1.0,
     3356
    ],
    [
     16,
     1.0,
     4496
    ],
    [
     24,
     1.0,
     6872
    ],
    [
     32,
     1.0,
     9376
    ],
    [
     48,
     1.0,
     14768
    ],
    [
     64,
     1.0,
     20672
    ],
    [
     96,
     1.0,
     34016
    ]
   ]
  },
  {
   "V": 256,
   "bits": 1675.9962872242136,
   "threshold": [
    6,
    3370
   ],
   "curve": [
    [
     2,
     0.424,
     1286
    ],
    [
     3,
     0.816,
     1804
    ],
    [
     4,
     0.925,
     2324
    ],
    [
     6,
     1.0,
     3370
    ],
    [
     8,
     1.0,
     4424
    ],
    [
     12,
     1.0,
     6556
    ],
    [
     16,
     1.0,
     8720
    ],
    [
     24,
     1.0,
     13144
    ],
    [
     32,
     1.0,
     17696
    ],
    [
     48,
     1.0,
     27184
    ],
    [
     64,
     1.0,
     37184
    ],
    [
     96,
     1.0,
     58720
    ]
   ]
  }
 ]
}