{
 "clean_ld": 3.8890137672424316,
 "acc": 1.0,
 "oracle_mech_norm": 0.0,
 "oracle_nm_max_full_effect": 1.3382670879364014,
 "oracle_ok": true,
 "n_effect": 117,
 "n_flat": 27,
 "frac_collapse_r2_gt_0.9": 0.8034188034188035,
 "median_r2_effect": 0.9983147525456094,
 "sign_flip_heads": [
  "10.1",
  "9.3"
 ],
 "non_collapse_heads": [
  "0.5",
  "10.0",
  "10.1",
  "10.10",
  "10.2",
  "10.6",
  "10.7",
  "10.9",
  "11.1",
  "11.10",
  "11.11",
  "11.2",
  "11.3",
  "11.6",
  "3.5",
  "3.6",
  "4.3",
  "4.4",
  "7.3",
  "8.10",
  "8.5",
  "9.7",
  "9.9"
 ],
 "jaccard_F_NC": 0.041666666666666664,
 "median_matched_eps_gap": 0.10166534036397934,
 "n_heads_with_matched_pairs": 117,
 "r2_by_head": {
  "0.1": 0.9994,
  "0.3": 0.9881,
  "0.4": 0.9997,
  "0.5": 0.8588,
  "0.7": 0.9829,
  "0.8": 0.9997,
  "0.9": 1.0,
  "0.10": 0.9631,
  "0.11": 1.0,
  "1.0": 0.9983,
  "1.1": 0.9999,
  "1.2": 1.0,
  "1.3": 1.0,
  "1.4": 1.0,
  "1.6": 1.0,
  "1.7": 0.9969,
  "1.8": 1.0,
  "1.10": 1.0,
  "1.11": 0.9547,
  "2.0": 0.9897,
  "2.3": 0.9999,
  "2.4": 0.9995,
  "2.5": 1.0,
  "2.6": 0.9999,
  "2.8": 1.0,
  "2.9": 0.9996,
  "2.10": 0.999,
  "2.11": 1.0,
  "3.0": 0.9983,
  "3.1": 0.9913,
  "3.2": 0.9994,
  "3.3": 1.0,
  "3.4": 0.9957,
  "3.5": 0.2733,
  "3.6": 0.3041,
  "3.7": 0.9631,
  "3.8": 1.0,
  "3.9": 0.9999,
  "3.10": 0.9996,
  "3.11": 1.0,
  "4.0": 0.9999,
  "4.1": 0.999,
  "4.2": 0.9991,
  "4.3": 0.8014,
  "4.4": 0.1725,
  "4.5": 0.9997,
  "4.6": 0.9997,
  "4.7": 0.9926,
  "4.8": 0.9993,
  "4.9": 0.9954,
  "4.10": 0.9999,
  "4.11": 1.0,
  "5.0": 0.9984,
  "5.1": 0.9018,
  "5.2": 0.9172,
  "5.4": 0.9932,
  "5.5": 0.9891,
  "5.7": 1.0,
  "5.8": 0.9922,
  "5.9": 1.0,
  "5.10": 0.9737,
  "5.11": 0.9989,
  "6.0": 0.9692,
  "6.1": 0.9942,
  "6.3": 0.9998,
  "6.4": 0.9977,
  "6.5": 0.9985,
  "6.6": 0.9853,
  "6.7": 0.9998,
  "6.8": 0.9999,
  "6.9": 1.0,
  "6.10": 0.9995,
  "7.0": 0.9996,
  "7.2": 1.0,
  "7.3": 0.655,
  "7.4": 0.9998,
  "7.5": 0.9484,
  "7.7": 0.9946,
  "7.8": 0.9353,
  "7.9": 0.9475,
  "7.10": 0.9998,
  "7.11": 0.9995,
  "8.2": 0.9548,
  "8.3": 0.9995,
  "8.4": 0.9999,
  "8.5": 0.2908,
  "8.6": 0.9966,
  "8.7": 1.0,
  "8.8": 0.9974,
  "8.10": 0.6214,
  "8.11": 0.993,
  "9.0": 0.9078,
  "9.3": 0.9289,
  "9.4": 0.9995,
  "9.5": 0.9997,
  "9.6": 0.9988,
  "9.7": 0.6794,
  "9.8": 0.9127,
  "9.9": 0.1641,
  "9.10": 0.9987,
  "10.0": 0.8937,
  "10.1": 0.7901,
  "10.2": 0.5396,
  "10.3": 0.9757,
  "10.5": 0.9997,
  "10.6": 0.5544,
  "10.7": 0.568,
  "10.9": 0.5166,
  "10.10": 0.2127,
  "11.0": 1.0,
  "11.1": 0.178,
  "11.2": 0.5113,
  "11.3": 0.1341,
  "11.6": 0.8198,
  "11.9": 0.9431,
  "11.10": 0.6036,
  "11.11": 0.5373
 },
 "worst10_r2": [
  [
   0.134,
   "11.3"
  ],
  [
   0.164,
   "9.9"
  ],
  [
   0.173,
   "4.4"
  ],
  [
   0.178,
   "11.1"
  ],
  [
   0.213,
   "10.10"
  ],
  [
   0.273,
   "3.5"
  ],
  [
   0.291,
   "8.5"
  ],
  [
   0.304,
   "3.6"
  ],
  [
   0.511,
   "11.2"
  ],
  [
   0.517,
   "10.9"
  ]
 ],
 "verdict_p1": "SUPPORTED",
 "verdict_p2": "REFUTED",
 "verdict": "REFUTED"
}