{
  "full_r2": 0.45849201459175426,
  "remove_z1": {
    "r2": 0.0047688235981616645,
    "collapse": 0.4537231909935926
  },
  "remove_z2": {
    "r2": 0.6976275334613836,
    "collapse": -0.23913551886962936
  }
}