{
  "affine_r2_ci": {
    "low": 0.4232931166472267,
    "median": 0.4592252526320432,
    "high": 0.4846126859917697
  },
  "coordinate_stability_ci": {
    "low": 0.626617573740751,
    "median": 0.6363564992192117,
    "high": 0.6434263190443515
  },
  "hidden_dimension_ci": {
    "low": 2.0,
    "median": 2.0,
    "high": 2.0
  }
}