{
  "affine_r2": 0.45849201459175426,
  "persistence_r2": 0.035605627975446974,
  "local_linear_r2": 0.47296683271019935,
  "agreement": "disagree"
}