{
  "observable_mean": [
    0.0,
    0.3957181466230042,
    0.6106131675583819,
    0.3982162656970002,
    0.17074566574336153,
    0.1425315330689743,
    0.4023445611377795,
    0.4147170712747839,
    0.7879697242767559,
    0.6662398579071863,
    0.39724763314437256,
    0.24992072657075445,
    1.6829826629734477,
    0.1425315330689743,
    0.8763420692522357,
    0.28532386629862694,
    0.6106131675583819,
    0.6662398579071863,
    0.30932938892629563,
    0.31890908659912864,
    0.17074566574336153,
    8.010736554017893,
    0.0,
    0.7879697242767559,
    0.09214381236852039,
    6.2720629721245205,
    3.5586245580596314
  ],
  "observable_std": [
    1.0,
    0.13702760535525793,
    0.1609564151300736,
    0.2535877860178269,
    0.1439991504176616,
    0.11763352768004111,
    0.22750698893089702,
    0.1705134471033912,
    0.07017324295510004,
    0.1379626415400635,
    0.19419980721830998,
    0.20656007994085843,
    0.5759966016706464,
    0.11763352768004111,
    0.055017656574470754,
    0.17933870495979884,
    0.1609564151300736,
    0.1379626415400635,
    0.17736185668405033,
    0.14094744765463907,
    0.1439991504176616,
    0.440141252595766,
    1.0,
    0.07017324295510004,
    0.052532916264261695,
    2.123093470275057,
    0.3228010221340274
  ],
  "feature_mean": [
    0.0,
    -7.793534336405136e-15,
    -5.365759919717661e-15,
    6.807825907944537e-17,
    1.1024360436885495e-15,
    -5.348345223489383e-16,
    -3.0420110874729288e-15,
    -5.276330105854734e-16,
    1.6899483355913168e-14,
    -1.7761361440246957e-14,
    0.0,
    0.0,
    0.0,
    0.0,
    0.0,
    0.0,
    0.0,
    0.0,
    0.0,
    0.0,
    0.9999999999999937,
    0.1960329355845012,
    0.14074119940532975,
    0.20978550871372942,
    0.5118802454632314,
    0.1874273339002395,
    0.4880475385771048,
    -0.6365509745968742,
    0.19603293558450033,
    1.0000000000000038,
    -0.10214597948151145,
    0.5442482619353506,
    0.1841723022218663,
    0.10218397097579575,
    -0.022988542533540456,
    0.10143005384258588,
    1.000000000000002,
    0.999999999999997,
    0.674896246608155,
    0.09493012788620242,
    -0.0637511617388834,
    0.20927067232178373,
    -0.4077869070104916,
    -0.10214597948151122,
    1.0000000000000044,
    0.1527446124080059,
    -0.00113839085691643,
    0.1298426775301629,
    -0.20457951078215453,
    0.5442482619353481,
    0.999999999999998,
    0.20555795974831995,
    0.08523764584077942,
    -0.3903011623024437,
    0.1841723022218657,
    0.9999999999999997,
    0.03383017117857996,
    -0.4375071226307627,
    0.10218397097579575,
    0.9999999999999999,
    -0.6780450849031978,
    -0.022988542533540147,
    1.0000000000000007,
    0.10143005384258533,
    0.9999999999999986
  ],
  "components": [
    [
      -3.0318065786183896e-18,
      0.16094966392267473,
      0.08429285173686651,
      0.09446526215458986,
      0.11029395294650951,
      0.08965732957884935,
      0.10415033053264558,
      0.15112403475346897,
      -0.19693278017336255,
      0.08429285173686607,
      4.235164736271502e-22,
      -5.293955920339377e-23,
      -6.617444900424222e-24,
      0.0,
      -5.169878828456423e-26,
      -3.2311742677852644e-27,
      0.0,
      0.0,
      0.0,
      0.0,
      -0.25483522615608994,
      -0.06166972078692175,
      -0.17771347946198093,
      -0.15876265077274415,
      -0.14862392805416433,
      -0.13520591820585393,
      -0.23245337560142632,
      0.3053829820818919,
      -0.06166972078692376,
      -0.009080883487316562,
      -0.042287628342730574,
      -0.002898578964448664,
      -0.03971999063574321,
      -0.02418050652012976,
      -0.052476107104070656,
      0.0669793758762454,
      -0.00908088348731759,
      -0.0517595636615661,
      -0.029670427796182612,
      -0.11116899501210341,
      -0.11772229631159604,
      -0.15748975819418468,
      0.20435387592676021,
      -0.04228762834273165,
      0.018072884643871582,
      -0.09679790249018362,
      -0.10310683347793956,
      -0.1430851194421509,
      0.18323007209069997,
      -0.0028985789644501445,
      -0.028976136487150805,
      -0.07635596220737421,
      -0.15218881887450647,
      0.17969539322181402,
      -0.03971999063574426,
      -0.03898987055862963,
      -0.13300012333545655,
      0.16256893282395665,
      -0.024180506520131095,
      -0.1935486262998694,
      0.27582525099218236,
      -0.05247610710407235,
      -0.355853510728165,
      0.06697937587624772,
      -0.009080883487318612
    ],
    [
      1.1922005215979431e-18,
      -0.05265135914360569,
      -0.013971825554157522,
      0.04109427572732227,
      0.10326389006813175,
      -0.033042667056176644,
      -0.05130662460054884,
      -0.045799453391476994,
      0.06062737103889022,
      -0.013971825554157546,
      0.0,
      5.421010862427522e-20,
      0.0,
      -8.470329472543003e-22,
      -1.0587911840678754e-22,
      1.3234889800848443e-23,
      -8.271806125530277e-25,
      0.0,
      -1.2924697071141057e-26,
      0.0,
      0.014818739635680606,
      0.2608712812406168,
      0.003335966148510265,
      0.14705821702430996,
      0.031412156632465375,
      -0.01934921122813804,
      -0.05661109718185229,
      0.0771340192346512,
      0.2608712812406163,
      0.16010437652466566,
      0.19765417221577233,
      0.2406017128520325,
      0.20286929671619827,
      0.09864422857735633,
      0.18181053531127017,
      -0.2670997198997896,
      0.16010437652466505,
      0.015274527988696834,
      0.1340231339680092,
      0.01955764187166395,
      -0.02477241884523203,
      -0.05337213807187545,
      0.06679489204549828,
      0.19765417221577125,
      0.27753872820673425,
      0.13577458471131534,
      0.02471297319484013,
      0.04839129693958424,
      -0.09655047272015002,
      0.24060171285203077,
      0.039499816299514816,
      -0.0013313691016936067,
      -0.01777930947432575,
      0.02456006029581694,
      0.20286929671619805,
      -0.004651362741534907,
      -0.0487884392616445,
      0.0652103708156565,
      0.09864422857735682,
      -0.11426794011122804,
      0.1555905309330893,
      0.18181053531127028,
      -0.21091904853565874,
      -0.26709971989978987,
      0.16010437652466486
    ]
  ]
}