population_target,epochs,seed,final_alive,total_births,total_deaths,mean_selection_pressure,mean_experiment_yield,mean_question_value,mean_bridge_score,mean_compression_score,mean_research_diversity,mean_dead_end_rate,final_species_counts,total_epistemic_value
1,30,8,1,1,0,0.26666666666666666,0.36666666666666664,0.26666666666666666,0.36666666666666664,-0.03334673365213413,0.0,0.1,{'integrator': 1},120.19006839528645
5,30,12,5,5,0,0.5406746031746031,0.48000000000000004,0.5266666666666667,0.3333333333333333,0.19712457400751085,0.8649735207179272,0.07047987121214502,"{'integrator': 3, 'splitter': 1, 'theorist': 1}",789.7038149630488
20,30,27,20,20,0,0.5546749460661832,0.49833333333333335,0.44833333333333336,0.44666666666666666,0.10481969284211569,0.7091809721940124,0.10085976692664353,"{'destroyer': 1, 'experimenter': 3, 'integrator': 12, 'meta_analyst': 1, 'splitter': 1, 'theorist': 2}",3097.023312491266
50,30,57,50,54,4,0.5612448146022236,0.448,0.4053333333333333,0.4846666666666667,0.10534577531342819,0.6796383960062333,0.14236202386017116,"{'destroyer': 5, 'experimenter': 5, 'integrator': 32, 'meta_analyst': 2, 'splitter': 3, 'theorist': 3}",7477.896273564965
