{
  "frozen_affine_dim2": 0.17170729376955784,
  "frozen_polynomial_dim2": 0.15720317334478906,
  "frozen_recurrent_proxy_dim2": 0.16676451317921714,
  "higher_dim_koopman_dim4": 0.08380530585877921
}