{
  "observable_mean": [
    0.0,
    0.36736113029972556,
    0.5934632835044181,
    0.3894284302768087,
    0.15899203802962822,
    0.13461599286893194,
    0.3926325977101209,
    0.3875097575744686,
    0.8053299993166779,
    0.6515399572894992,
    0.37974151063555733,
    0.23285686083324103,
    1.6359681521185137,
    0.13461599286893194,
    0.870155966195898,
    0.2854312459120055,
    0.5934632835044181,
    0.6515399572894992,
    0.3001294254699393,
    0.29786334738605574,
    0.15899203802962822,
    7.9612477295671855,
    0.0,
    0.8053299993166779,
    0.09126342047600626,
    5.7649175694880475,
    3.471759054428541
  ],
  "observable_std": [
    1.0,
    0.13632072309815332,
    0.1662553359864381,
    0.24670287212122602,
    0.14279732539577733,
    0.11450185067324649,
    0.2268020633970833,
    0.1696715530973709,
    0.07195587390958966,
    0.1425045737026609,
    0.18823226173718946,
    0.20255046309681515,
    0.5711893015831095,
    0.11450185067324649,
    0.05703133618438251,
    0.17774579725513526,
    0.1662553359864381,
    0.1425045737026609,
    0.1761632387072238,
    0.13998596310808079,
    0.14279732539577733,
    0.45625068947506014,
    1.0,
    0.07195587390958966,
    0.05228029522259278,
    2.3603503528094674,
    0.3231122070038525
  ],
  "feature_mean": [
    0.0,
    3.1727225013877814e-15,
    -6.620294590309328e-15,
    -3.042936273326783e-16,
    9.191721458042441e-17,
    -9.937883849175932e-16,
    -1.2022790170836592e-15,
    -4.43563010395683e-15,
    -2.2078959031427796e-14,
    7.784906978317945e-15,
    0.0,
    0.0,
    0.0,
    0.0,
    0.0,
    0.0,
    0.0,
    0.0,
    0.0,
    0.0,
    1.0000000000000007,
    0.1991256758811689,
    0.15847592130401486,
    0.24810890238730493,
    0.5509711680584543,
    0.19503082411117562,
    0.5021003240143849,
    -0.6277959208956893,
    0.1991256758811689,
    0.9999999999999973,
    -0.07286286677502485,
    0.5952601932695172,
    0.249394067884465,
    0.10285517060151894,
    -0.060336311007923665,
    0.08163123277459418,
    1.0000000000000029,
    1.0000000000000004,
    0.6480049548555223,
    0.07721248481997606,
    0.0781770778212509,
    0.20657795072468452,
    -0.4481209427716421,
    -0.072862866775025,
    1.0000000000000004,
    0.2009774582839479,
    0.1219946876904217,
    0.10345106438829615,
    -0.25454838013655745,
    0.5952601932695181,
    0.999999999999999,
    0.25187330963328725,
    0.15323515845302876,
    -0.4191335803245077,
    0.24939406788446514,
    1.0000000000000036,
    0.06164704507583283,
    -0.48131292856656493,
    0.1028551706015194,
    1.000000000000004,
    -0.6883703088349757,
    -0.06033631100792385,
    1.0000000000000038,
    0.08163123277459433,
    1.0000000000000044
  ],
  "components": [
    [
      1.620997539277006e-18,
      -0.12126360366829197,
      -0.04654963799033163,
      -0.1134863054510093,
      -0.13404934955124997,
      -0.07299233139943456,
      -0.08537238663113036,
      -0.12553774627421657,
      0.15650077384541353,
      -0.04654963799033164,
      -1.3552527156068805e-20,
      -1.6940658945086007e-21,
      0.0,
      0.0,
      1.6543612251060553e-24,
      -4.1359030627651384e-25,
      -1.2924697071141057e-26,
      0.0,
      1.0097419586828951e-28,
      6.310887241768095e-30,
      0.20466318850343598,
      -0.09248578307386401,
      0.15547309894535236,
      0.05411347293067184,
      0.105730976910022,
      0.13045387970378852,
      0.2309248720694359,
      -0.2852720237273234,
      -0.092485783073866,
      -0.11102189677054869,
      -0.0528890127712669,
      -0.14375918773831547,
      -0.09247066284975823,
      -0.05864686588887269,
      -0.03246789074451455,
      0.08432125354248543,
      -0.11102189677054954,
      0.04490707200807326,
      -0.019718985100898586,
      0.09490783216019587,
      0.10503909826520265,
      0.17063810047539624,
      -0.2023841805953596,
      -0.052889012771268694,
      -0.15865442177525124,
      0.004351467750313662,
      0.04199190985244582,
      0.11657273105368895,
      -0.09876908257587598,
      -0.14375918773831783,
      -0.0033496192005382152,
      0.061733204522969445,
      0.1463658762644853,
      -0.16171316580560072,
      -0.09247066284975954,
      0.037660799004655666,
      0.15270806541444468,
      -0.167778016407765,
      -0.0586468658888741,
      0.22115737909197447,
      -0.3008470756566034,
      -0.03246789074451651,
      0.370820070137008,
      0.08432125354248793,
      -0.11102189677055059
    ],
    [
      -1.716059468334821e-18,
      0.04679735471611646,
      -0.058371037050119534,
      -0.032685111769119896,
      -0.15494990429831856,
      0.006834887595750516,
      0.05260407473408284,
      0.08586674247667626,
      -0.07595249102986246,
      -0.058371037050119645,
      5.421010862427522e-20,
      1.3552527156068805e-20,
      -3.3881317890172014e-21,
      0.0,
      -2.6469779601696886e-23,
      3.308722450212111e-24,
      -4.1359030627651384e-25,
      0.0,
      0.0,
      0.0,
      -0.11232515009443204,
      -0.1604597020421542,
      -0.1622151456284838,
      -0.23083330322232043,
      -0.09988865781693589,
      -0.04510556363165488,
      -0.0570291951386534,
      0.0925956079856172,
      -0.16045970204215404,
      -0.06712241384020688,
      -0.2277898031341467,
      -0.2281817742655563,
      -0.1400199691487747,
      -0.06215408520064444,
      -0.10881961009323167,
      0.18891594967982564,
      -0.06712241384020788,
      -0.08717454847042606,
      -0.2486290411787588,
      -0.16078517570462889,
      -0.07125459095652248,
      -0.08200831838887877,
      0.12176827032674463,
      -0.22778980313414768,
      -0.39555288717346815,
      -0.21923596523168526,
      -0.087572870668847,
      -0.12588896714225925,
      0.2216734700638008,
      -0.22818177426555916,
      -0.07789250487507003,
      -0.025850224561794748,
      -0.04667993979909568,
      0.08557530451321595,
      -0.14001996914877501,
      0.006298168549312297,
      -0.02008715344786232,
      0.029595649821763822,
      -0.06215408520064378,
      -0.011972221063826024,
      0.02793671430301479,
      -0.10881961009323078,
      -0.03778196718465056,
      0.1889159496798252,
      -0.06712241384020894
    ]
  ]
}