{
  "r2": {
    "mean": 0.1715783761987235,
    "std": 0.08403261070829696,
    "p05": 0.028137725999492862,
    "p50": 0.15618800523212328,
    "p95": 0.2838242979913341
  }
}