{
  "H0_no_universal_architecture": 0.22429274403724792,
  "H1_several_incompatible_architectures": 0.6077615015659753,
  "H2_one_canonical_architecture": 0.16794575439677678
}