{
  "prereg_commit": "1e82498",
  "clean_ld_A": 3.889012336730957,
  "acc_A": 1.0,
  "n_core": 15,
  "n_unique": 118,
  "n_union": 449,
  "core_edges": [
    "embed->a0.10",
    "embed->m0",
    "a9.6->a11.10",
    "a9.6->logits",
    "a9.9->a10.7",
    "a9.9->a11.10",
    "a9.9->logits",
    "a10.0->logits",
    "a10.1->logits",
    "a10.6->logits",
    "a10.7->a11.10",
    "a10.7->logits",
    "a10.10->a11.10",
    "a10.10->logits",
    "a11.10->logits"
  ],
  "oracle_edge": "a9.9->logits",
  "oracle_drop": 3.445517838001251,
  "oracle_ok": true,
  "mean_drop_core": 0.2857078274091085,
  "mean_drop_unique": 0.005918329954147339,
  "median_drop_core": 0.2251415252685547,
  "median_drop_unique": 0.009706854820251465,
  "n_core_tested": 15,
  "n_unique_tested": 40,
  "spearman_absEAP_vs_absdrop": 0.8502164502164503,
  "sup_a": true,
  "part_b": {
    "clean_ld": 5.97105073928833,
    "acc": 1.0,
    "computable": true,
    "rate_core": 0.5333333333333333,
    "rates_spec": {
      "('abc', 50, 'ld')": 0.38,
      "('abc', 100, 'ld')": 0.32,
      "('abc', 200, 'ld')": 0.22,
      "('abc', 50, 'lp')": 0.46,
      "('abc', 100, 'lp')": 0.39,
      "('abc', 200, 'lp')": 0.305,
      "('swap', 50, 'ld')": 0.26,
      "('swap', 100, 'ld')": 0.23,
      "('swap', 200, 'ld')": 0.21,
      "('swap', 50, 'lp')": 0.26,
      "('swap', 100, 'lp')": 0.22,
      "('swap', 200, 'lp')": 0.23,
      "('mean', 50, 'ld')": 0.34,
      "('mean', 100, 'ld')": 0.28,
      "('mean', 200, 'ld')": 0.245,
      "('mean', 50, 'lp')": 0.44,
      "('mean', 100, 'lp')": 0.33,
      "('mean', 200, 'lp')": 0.34
    },
    "max_spec_rate": 0.46,
    "RB_size": 430,
    "sup_b": true
  },
  "verdict": "SUPPORTED",
  "wall_s": 281.8
}