{
  "summary": {
    "best_drift_mean_abs": 0.12119614801786474,
    "candidate_count": 2
  },
  "candidates": [
    {
      "drift_mean_abs": 0.12119614801786474,
      "drift_std": 0.16883133313600077,
      "level_std": 2.846931837259845,
      "weights": [
        0.13486197561371793,
        -0.9908643941193794
      ]
    },
    {
      "drift_mean_abs": 0.47773638248725525,
      "drift_std": 0.7635505459164588,
      "level_std": 4.175729637831208,
      "weights": [
        -0.9908643941193794,
        -0.13486197561371793
      ]
    }
  ]
}