{
  "summary": {
    "curvature": 1.86864644000511,
    "neighborhood_preservation": 0.35,
    "distance_mean": 5.274736142981478,
    "distance_std": 4.766960093116292
  },
  "local_metric_tensor": [
    [
      0.5730724501499732,
      0.07405053041059384
    ],
    [
      0.07405053041059384,
      0.03858001699217821
    ]
  ]
}