{
 "clean_ld": 3.889012575149536,
 "acc": 1.0,
 "oracle_zero_9.9": 0.1170346736907959,
 "oracle_ok": false,
 "subset": [
  "10.7",
  "11.10",
  "0.9",
  "8.10",
  "0.1",
  "9.9",
  "5.9",
  "7.9",
  "8.3",
  "7.3",
  "1.3",
  "10.0",
  "9.6"
 ],
 "spearman_raw_subset": {
  "zero-mean": 0.38461538461538464,
  "zero-resample": 0.3791208791208791,
  "mean-resample": 0.9835164835164835
 },
 "min_raw_subset": 0.3791208791208791,
 "spearman_rce_subset": {
  "zero-mean": 0.18681318681318682,
  "zero-resample": 0.6373626373626373,
  "mean-resample": 0.2087912087912088
 },
 "min_rce_subset": 0.18681318681318682,
 "spearman_raw_all144": {
  "zero-mean": 0.3939233180612491,
  "zero-resample": 0.4131219355357286,
  "mean-resample": 0.9049513704686118
 },
 "min_raw_all144": 0.3939233180612491,
 "raw_subset": {
  "zero": [
   -1.757781744003296,
   -1.0647389888763428,
   3.1779837608337402,
   0.7913429737091064,
   -1.4093482494354248,
   0.1170346736907959,
   1.5546340942382812,
   0.660207986831665,
   0.9613292217254639,
   0.5058403015136719,
   1.4009368419647217,
   0.40389370918273926,
   -0.7497165203094482
  ],
  "mean": [
   -1.6499369144439697,
   -1.0894277095794678,
   -0.0007693767547607422,
   0.6238007545471191,
   -0.24185538291931152,
   0.4638640880584717,
   0.07498860359191895,
   0.27435994148254395,
   0.16734576225280762,
   0.2947804927825928,
   0.0024306774139404297,
   0.40483808517456055,
   -0.2868974208831787
  ],
  "resample": [
   -3.2361948490142822,
   -1.7574923038482666,
   -0.011279821395874023,
   1.098607063293457,
   -0.30068039894104004,
   1.3382654190063477,
   0.19116449356079102,
   0.5185995101928711,
   0.2917134761810303,
   0.6122889518737793,
   0.008227109909057617,
   0.5478942394256592,
   -0.281019926071167
  ]
 },
 "rce_subset": {
  "zero": [
   -2.1163885593414307,
   -1.0647389888763428,
   3.5504109263420105,
   0.023879289627075195,
   -0.6349680423736572,
   -0.4322993755340576,
   0.9501726627349854,
   -2.958843469619751,
   -0.346668004989624,
   -0.6894176006317139,
   0.48380589485168457,
   -0.45769667625427246,
   -0.14964699745178223
  ],
  "mean": [
   -1.4785287380218506,
   -1.0894277095794678,
   -0.0007693767547607422,
   -2.5670430660247803,
   -1.8177392482757568,
   0.2755928039550781,
   0.07498860359191895,
   0.27435994148254395,
   0.16734576225280762,
   -0.6870176792144775,
   0.0024306774139404297,
   -0.46973204612731934,
   -0.31458306312561035
  ],
  "resample": [
   -1.0888097286224365,
   -1.7574923038482666,
   -0.011279821395874023,
   -1.2458593845367432,
   -3.081098794937134,
   0.27239418029785156,
   0.19116449356079102,
   -5.262563467025757,
   -4.950281858444214,
   -4.443589925765991,
   0.008227109909057617,
   -1.311758279800415,
   -0.6258862018585205
  ]
 },
 "closures": {
  "zero": {
   "10.7": [
    "10.7",
    "11.10",
    "9.9"
   ],
   "11.10": [
    "11.10"
   ],
   "0.9": [
    "0.9",
    "9.9",
    "9.6",
    "10.0",
    "10.6",
    "10.10",
    "8.10"
   ],
   "8.10": [
    "8.10",
    "10.7",
    "11.1",
    "11.2"
   ],
   "0.1": [
    "0.1",
    "9.9",
    "10.7",
    "10.10",
    "10.0",
    "11.2",
    "10.2"
   ],
   "9.9": [
    "9.9",
    "10.7",
    "10.10",
    "10.0",
    "11.2",
    "10.2",
    "11.10"
   ],
   "5.9": [
    "5.9",
    "10.7",
    "11.2"
   ],
   "7.9": [
    "7.9",
    "11.10",
    "10.7",
    "11.2"
   ],
   "8.3": [
    "8.3",
    "10.7",
    "11.2"
   ],
   "7.3": [
    "7.3",
    "10.7",
    "11.2",
    "11.1"
   ],
   "1.3": [
    "1.3",
    "10.7",
    "11.2"
   ],
   "10.0": [
    "10.0",
    "11.10"
   ],
   "9.6": [
    "9.6",
    "10.0",
    "10.10",
    "10.7",
    "11.2",
    "10.6",
    "11.1"
   ]
  },
  "mean": {
   "10.7": [
    "10.7",
    "11.10",
    "9.9"
   ],
   "11.10": [
    "11.10"
   ],
   "0.9": [
    "0.9"
   ],
   "8.10": [
    "8.10",
    "11.10",
    "10.7"
   ],
   "0.1": [
    "0.1",
    "10.7"
   ],
   "9.9": [
    "9.9",
    "10.7",
    "10.10",
    "10.0",
    "11.2",
    "11.10",
    "11.1"
   ],
   "5.9": [
    "5.9"
   ],
   "7.9": [
    "7.9"
   ],
   "8.3": [
    "8.3"
   ],
   "7.3": [
    "7.3",
    "11.10"
   ],
   "1.3": [
    "1.3"
   ],
   "10.0": [
    "10.0",
    "11.10"
   ],
   "9.6": [
    "9.6",
    "10.7",
    "10.0",
    "11.2",
    "10.10",
    "11.1",
    "11.6"
   ]
  },
  "resample": {
   "10.7": [
    "10.7",
    "11.10",
    "9.9"
   ],
   "11.10": [
    "11.10"
   ],
   "0.9": [
    "0.9"
   ],
   "8.10": [
    "8.10",
    "10.7"
   ],
   "0.1": [
    "0.1",
    "10.7",
    "11.1",
    "11.2"
   ],
   "9.9": [
    "9.9",
    "10.7",
    "10.2",
    "11.1",
    "10.10",
    "11.10",
    "11.2"
   ],
   "5.9": [
    "5.9"
   ],
   "7.9": [
    "7.9",
    "11.10",
    "10.7"
   ],
   "8.3": [
    "8.3",
    "11.10",
    "10.7",
    "11.1"
   ],
   "7.3": [
    "7.3",
    "11.10",
    "10.7",
    "11.1"
   ],
   "1.3": [
    "1.3"
   ],
   "10.0": [
    "10.0",
    "11.10",
    "11.2"
   ],
   "9.6": [
    "9.6",
    "10.7",
    "10.0",
    "11.2",
    "11.1",
    "10.10",
    "11.6"
   ]
  }
 },
 "p2": {
  "9.9": {
   "zero": {
    "k": 6,
    "repairers": [
     "10.7",
     "10.10",
     "10.0",
     "11.2",
     "10.2",
     "11.10"
    ],
    "all_in_BuN": false,
    "any_in_B": true
   },
   "mean": {
    "k": 6,
    "repairers": [
     "10.7",
     "10.10",
     "10.0",
     "11.2",
     "11.10",
     "11.1"
    ],
    "all_in_BuN": false,
    "any_in_B": true
   },
   "resample": {
    "k": 6,
    "repairers": [
     "10.7",
     "10.2",
     "11.1",
     "10.10",
     "11.10",
     "11.2"
    ],
    "all_in_BuN": false,
    "any_in_B": true
   }
  },
  "9.6": {
   "zero": {
    "k": 6,
    "repairers": [
     "10.0",
     "10.10",
     "10.7",
     "11.2",
     "10.6",
     "11.1"
    ],
    "all_in_BuN": false,
    "any_in_B": true
   },
   "mean": {
    "k": 6,
    "repairers": [
     "10.7",
     "10.0",
     "11.2",
     "10.10",
     "11.1",
     "11.6"
    ],
    "all_in_BuN": false,
    "any_in_B": true
   },
   "resample": {
    "k": 6,
    "repairers": [
     "10.7",
     "10.0",
     "11.2",
     "11.1",
     "10.10",
     "11.6"
    ],
    "all_in_BuN": false,
    "any_in_B": true
   }
  },
  "10.0": {
   "zero": {
    "k": 1,
    "repairers": [
     "11.10"
    ],
    "all_in_BuN": true,
    "any_in_B": false
   },
   "mean": {
    "k": 1,
    "repairers": [
     "11.10"
    ],
    "all_in_BuN": true,
    "any_in_B": false
   },
   "resample": {
    "k": 2,
    "repairers": [
     "11.10",
     "11.2"
    ],
    "all_in_BuN": true,
    "any_in_B": true
   }
  }
 },
 "verdict_p1": "BROKEN_MEASUREMENT",
 "verdict_p2": "BROKEN_MEASUREMENT",
 "verdict": "BROKEN_MEASUREMENT"
}