{
 "clean_ld": 3.8890128135681152,
 "dla_9_9": 3.44734263420105,
 "max_dla_head": "9.9",
 "joint_nm_zero_effect": -0.6603546142578125,
 "pass": false
}