{
 "A_dla99_under_abl": 0.0,
 "B_mean_abl_nm_effect": 0.39885735511779785,
 "clean_ld": 3.8890128135681152,
 "A_pass": true,
 "B_pass": false
}