{
  "speed_bootstrap_mean": 3.7912310715425734,
  "speed_bootstrap_std": 0.020552866287640085
}