{
  "form": "x_next - x = A x + b in first 4 PCA coordinates",
  "predictive_r2": 0.42458010329581175,
  "smoothness_proxy": 0.3904414706672092,
  "stability_spectral_radius": 0.9256958162256614,
  "coefficients": [
    [
      -0.12353103443668263,
      0.06175948647093991,
      -0.09873131008247849,
      0.017454470631449042
    ],
    [
      0.132492565056589,
      -0.9436449746086051,
      0.03359980267887425,
      0.0032529051197534853
    ],
    [
      -0.27974016896887205,
      0.04394056756324788,
      -0.8161718650691785,
      -0.04648392407856396
    ],
    [
      0.11215199473981745,
      -0.021666214907909015,
      -0.08285037494003383,
      -0.8547954541752554
    ],
    [
      0.08023001879362032,
      0.0012542308747622855,
      0.003360297980087301,
      0.0008667229696010387
    ]
  ]
}