{
  "world_vector_distances": {
    "compositional|noisy": 0.061431615146083134,
    "compositional|regular": 0.08406645458029605,
    "compositional|volatile": 0.024624707171339338,
    "noisy|regular": 0.14301732836219794,
    "noisy|volatile": 0.08003977337511999,
    "regular|volatile": 0.07884740118557623
  },
  "rule_vector_distances": {
    "constraint_driven|differentiable_optimization": 0.17946297691255678,
    "constraint_driven|graph_rewriting": 0.15049934102604345,
    "constraint_driven|information_bottleneck_like": 0.13618783115394018,
    "constraint_driven|mdl_like": 0.07687402425985417,
    "constraint_driven|merge_driven": 0.18432167306354721,
    "constraint_driven|prediction_driven": 0.07170654810793108,
    "constraint_driven|random_interaction": 0.1024658158312561,
    "constraint_driven|sat_propagation": 0.1030504532836134,
    "constraint_driven|stochastic_interaction": 0.09161415499127173,
    "differentiable_optimization|graph_rewriting": 0.07896122181546805,
    "differentiable_optimization|information_bottleneck_like": 0.10167960806625938,
    "differentiable_optimization|mdl_like": 0.1612610150879421,
    "differentiable_optimization|merge_driven": 0.14998915342795158,
    "differentiable_optimization|prediction_driven": 0.22711065254330423,
    "differentiable_optimization|random_interaction": 0.20572494871124006,
    "differentiable_optimization|sat_propagation": 0.0795819570001299,
    "differentiable_optimization|stochastic_interaction": 0.14462171821866085,
    "graph_rewriting|information_bottleneck_like": 0.11368584232845319,
    "graph_rewriting|mdl_like": 0.11515944067937181,
    "graph_rewriting|merge_driven": 0.17848740170018226,
    "graph_rewriting|prediction_driven": 0.21524768209529013,
    "graph_rewriting|random_interaction": 0.14847059421609454,
    "graph_rewriting|sat_propagation": 0.07927449135282821,
    "graph_rewriting|stochastic_interaction": 0.1605133094180105,
    "information_bottleneck_like|mdl_like": 0.10434912553655314,
    "information_bottleneck_like|merge_driven": 0.06736134441868455,
    "information_bottleneck_like|prediction_driven": 0.1773688359339504,
    "information_bottleneck_like|random_interaction": 0.2017324343791997,
    "information_bottleneck_like|sat_propagation": 0.06081310610360789,
    "information_bottleneck_like|stochastic_interaction": 0.11462344837978661,
    "mdl_like|merge_driven": 0.15822439505656433,
    "mdl_like|prediction_driven": 0.14106461378654078,
    "mdl_like|random_interaction": 0.12146127187283953,
    "mdl_like|sat_propagation": 0.0917809386543701,
    "mdl_like|stochastic_interaction": 0.13477710890431382,
    "merge_driven|prediction_driven": 0.2067820266589952,
    "merge_driven|random_interaction": 0.2637209370361127,
    "merge_driven|sat_propagation": 0.12368984371992482,
    "merge_driven|stochastic_interaction": 0.14693257213690092,
    "prediction_driven|random_interaction": 0.1575708328723934,
    "prediction_driven|sat_propagation": 0.15330703406031868,
    "prediction_driven|stochastic_interaction": 0.09546964217406705,
    "random_interaction|sat_propagation": 0.15356322621815247,
    "random_interaction|stochastic_interaction": 0.17315148261984944,
    "sat_propagation|stochastic_interaction": 0.08637537280526177
  },
  "mean_world_distance": 0.07867121330343545,
  "mean_rule_distance": 0.1375571433026575
}