{
 "task": "surface-matched knows!=says conflict (gpt2)",
 "honest_track": 0.7666666666666667,
 "N_each": 300,
 "per_layer": {
  "6": {
   "internal_AUC": 1.0,
   "surprise_AUC": 0.7866444444444445,
   "delta": 0.21335555555555552,
   "P_LIE": 0.9995233263572562,
   "P_TRUE": 0.00040541203255237487,
   "P_GUESS": 0.9950921807014368,
   "guess_with_true": false
  },
  "8": {
   "internal_AUC": 1.0,
   "surprise_AUC": 0.7866444444444445,
   "delta": 0.21335555555555552,
   "P_LIE": 0.9994423954252958,
   "P_TRUE": 0.0005017124915910139,
   "P_GUESS": 0.9968344597967306,
   "guess_with_true": false
  },
  "9": {
   "internal_AUC": 1.0,
   "surprise_AUC": 0.7866444444444445,
   "delta": 0.21335555555555552,
   "P_LIE": 0.9993253838122391,
   "P_TRUE": 0.0005988138427838387,
   "P_GUESS": 0.9937772940626413,
   "guess_with_true": false
  },
  "10": {
   "internal_AUC": 1.0,
   "surprise_AUC": 0.7866444444444445,
   "delta": 0.21335555555555552,
   "P_LIE": 0.999231004848909,
   "P_TRUE": 0.0007087339784462674,
   "P_GUESS": 0.9936438054951409,
   "guess_with_true": false
  }
 },
 "decisive_layer": 9,
 "delta_CI": [
  0.17890252910205579,
  0.2515874546860291
 ],
 "perm_AUC": 0.5046888888888889,
 "layers_passing_all": 0,
 "verdict": "REFUTED"
}