{
 "model": "gpt2 (hard/rare members)",
 "layer": 9,
 "N": 80,
 "n_miscategorized": 50,
 "err_rate": 0.625,
 "voice_entropy_on_errors": 1.4600743804988676,
 "voice_entropy_on_correct": 1.1634215395935974,
 "MAP_AUC": 0.37599999999999995,
 "OUTPUT_AUC": 0.7626666666666666,
 "random_AUC": 0.3993333333333333,
 "oracle_AUC": 1.0,
 "map_minus_output_AUC": -0.38666666666666666,
 "delta_CI": [
  -0.5591643739627512,
  -0.21014575702075716
 ],
 "verdict": "REFUTED"
}