{
  "failure_rate_95ci": {
    "high": 1.0,
    "low": 0.9986111111111111,
    "median": 0.999537037037037
  },
  "mean_r2_95ci": {
    "high": -40.787912647716276,
    "low": -67.60232529993036,
    "median": -52.450589953180796
  }
}