{
  "model": "gpt2",
  "layer": 6,
  "W": 128,
  "twoW": 256,
  "alpha": 45.16332244873047,
  "l0_parent": 12.09184741973877,
  "fve_parent": 0.9411651439535503,
  "l0_daughter": 18.0837345123291,
  "fve_daughter": 0.9485526920515146,
  "n_splits": 89,
  "oracle_median_kl": 0.24197785556316376,
  "oracle_random_kl": 0.12088778614997864,
  "oracle_splithalf_cos": 0.8228559195995331,
  "median_cos_true": 0.8280110359191895,
  "median_cos_rand": 0.17551837489008904,
  "delta": 0.6524926610291004,
  "median_geom_cos": 0.7424027919769287,
  "median_share_cv": 0.18352078269240607,
  "cos_true_list": [
    0.7703497409820557,
    0.6715828776359558,
    0.8481823801994324,
    0.7762850522994995,
    0.9780528545379639,
    0.8573780655860901,
    0.9415444731712341,
    0.5422157645225525,
    0.9796018004417419,
    0.9332617521286011,
    0.5414993762969971,
    0.9277051687240601,
    0.9856568574905396,
    0.8280110359191895,
    0.8643101453781128,
    0.7664050459861755,
    0.8522765040397644,
    0.7633365988731384,
    0.8481420874595642,
    0.6414523720741272,
    0.6984785795211792,
    0.7470487356185913,
    0.9784384369850159,
    0.9488688707351685,
    0.7343268394470215,
    0.7436031699180603,
    0.96435546875,
    0.7463359832763672,
    0.8150452375411987,
    0.9396507740020752,
    0.9426760077476501,
    0.96333247423172,
    0.9207111597061157,
    0.9882455468177795,
    0.9634184837341309,
    0.9156100153923035,
    0.7583223581314087,
    0.637724757194519,
    0.7382664680480957,
    0.7507636547088623,
    0.9130340814590454,
    0.86107337474823,
    0.9237027168273926,
    0.9300090074539185,
    0.9313193559646606,
    0.7644636034965515,
    0.986691951751709,
    0.9449890851974487,
    0.766761064529419,
    0.6298995018005371,
    0.6856322288513184,
    0.6264783143997192,
    0.7726925611495972,
    0.4897887706756592,
    0.48188263177871704,
    0.9370887279510498,
    0.7561745643615723,
    0.973871111869812,
    0.6978491544723511,
    0.9761136770248413,
    0.8044008016586304,
    0.944969892501831,
    0.7407954931259155,
    0.6715034246444702,
    0.7751219272613525,
    0.7682262063026428,
    0.837187647819519,
    0.7126661539077759,
    0.9695820808410645,
    0.6806239485740662,
    0.7575175762176514,
    0.9201880693435669,
    0.5068349242210388,
    0.9027055501937866,
    0.9453902244567871,
    0.8770067095756531,
    0.5714679956436157,
    0.7236006259918213,
    0.8232772350311279,
    0.9042599201202393,
    0.769417405128479,
    0.9746263027191162,
    0.9785120487213135,
    0.9637980461120605,
    0.7326630353927612,
    0.9606143236160278,
    0.7838588953018188,
    0.9716095328330994,
    0.7351398468017578
  ],
  "cos_rand_list": [
    0.015135755948722362,
    0.15732456520199775,
    -0.08275455497205257,
    -0.07382115200161934,
    0.4135019838809967,
    0.09422379657626152,
    0.25579224079847335,
    0.21640394926071166,
    0.6187631487846375,
    0.2454328503459692,
    0.30904983878135683,
    0.45971225537359717,
    0.28264474123716354,
    0.11925080232322216,
    0.3032394886016846,
    0.142020458355546,
    0.13350541815161704,
    0.2836737409234047,
    -0.025888389348983763,
    0.4700546026229858,
    -0.11847971454262733,
    0.16961196810007095,
    0.5924880504608154,
    0.53620086312294,
    0.06306931003928185,
    0.13594064712524415,
    0.15373388975858687,
    0.4137619614601135,
    0.5580778062343598,
    -0.03442518077790737,
    -0.03763346821069717,
    0.20384179353713988,
    0.34562000054866077,
    0.3058343522250652,
    0.3135625083465129,
    0.08667125403881074,
    0.03846566546708345,
    0.03749415474012494,
    -0.03954280614852905,
    0.29665606915950776,
    0.2591695973649621,
    0.24549051001667976,
    0.6032525658607483,
    0.3172037363052368,
    0.25348511300981047,
    0.11838309913873672,
    0.15356615111231803,
    0.1094640526920557,
    0.055655288882553576,
    0.0761583611369133,
    0.10443641841411591,
    0.17551837489008904,
    0.36989847421646116,
    0.1673008870333433,
    0.43294593393802644,
    0.34034643471241,
    0.0009032061323523521,
    0.37633757665753365,
    0.28151524662971494,
    0.1725560374557972,
    0.13943806812167167,
    0.47615028023719785,
    0.09178000800311566,
    -0.10489211231470108,
    0.40947754085063937,
    0.06228274814784527,
    0.48105683997273446,
    0.031264628469944,
    -0.1983523726463318,
    0.18188770711421967,
    0.5099749803543091,
    0.1419298268854618,
    0.2550529330968857,
    0.16515090577304364,
    0.2886213079094887,
    0.17675240337848663,
    0.03604280021972954,
    0.21996075995266437,
    -0.08167131319642067,
    -0.18731259359046817,
    0.19249049238860608,
    0.20165301710367203,
    0.19233707189559937,
    0.46544408798217773,
    0.05143517944961786,
    0.4028550382703543,
    0.0972570687532425,
    -0.04905250072479248,
    0.05887993797659874
  ],
  "verdict": "SUPPORTED"
}