{
  "finite_robust_phase_structure": 5.32160809769763e-05,
  "essentially_continuous_space": 0.5013276661066561,
  "fragmented_or_underresolved_phase_structure": 0.49861911781236684
}