{
 "k90": 342,
 "eps": 1.8241874694824218,
 "alpha": 45.60468673706055,
 "oracle": {
  "o1": {
   "median_cos": 0.9998104572296143,
   "median_ratio": 1.9995059967041016
  },
  "o1_ok": true,
  "o2": {
   "median_top": 597.2452697753906,
   "median_bot": 21.555564880371094,
   "ratio": 27.70724279739259
  },
  "o2_ok": true
 },
 "o3": {
  "sentiment": {
   "probe_test_acc": 1.0,
   "sae_latent": 18749,
   "sae_act_diff": 18.63844871520996,
   "cos_mp": 0.9997571706771851,
   "cos_ms": 0.30417025089263916,
   "cos_ps": 0.2993870973587036
  },
  "tense": {
   "probe_test_acc": 1.0,
   "sae_latent": 27769,
   "sae_act_diff": 24.08614158630371,
   "cos_mp": 0.9993323087692261,
   "cos_ms": 0.6165845394134521,
   "cos_ps": 0.6172318458557129
  },
  "animal_vehicle": {
   "probe_test_acc": 1.0,
   "sae_latent": 31175,
   "sae_act_diff": 21.794418334960938,
   "cos_mp": 0.9984577298164368,
   "cos_ms": 0.42265599966049194,
   "cos_ps": 0.42643049359321594
  }
 },
 "dropped_concepts": [],
 "calibration": {
  "rand_nf_median": 0.5548789501190186,
  "rand_ce_median": 5.637904167175293,
  "nf_clause_vacuous": false
 },
 "n_qualifying_pairs": 4,
 "pairs": [
  {
   "concept": "sentiment",
   "pair": "m-s",
   "cos_raw": 0.30417025089263916,
   "nf": 0.5058493614196777,
   "cos_topk": 0.381134033203125,
   "rel_ce": 0.9711936532380043,
   "nf_a": 0.42308884859085083,
   "nf_b": 0.46621811389923096
  },
  {
   "concept": "sentiment",
   "pair": "p-s",
   "cos_raw": 0.2993870973587036,
   "nf": 0.5051941871643066,
   "cos_topk": 0.37651634216308594,
   "rel_ce": 0.9711459368583435,
   "nf_a": 0.42227303981781006,
   "nf_b": 0.46621811389923096
  },
  {
   "concept": "animal_vehicle",
   "pair": "m-s",
   "cos_raw": 0.42265599966049194,
   "nf": 0.5266212224960327,
   "cos_topk": 0.47365623712539673,
   "rel_ce": 0.8957198842326972,
   "nf_a": 0.45175373554229736,
   "nf_b": 0.5112919211387634
  },
  {
   "concept": "animal_vehicle",
   "pair": "p-s",
   "cos_raw": 0.42643049359321594,
   "nf": 0.5273314118385315,
   "cos_topk": 0.4764602780342102,
   "rel_ce": 0.8966602666729935,
   "nf_a": 0.4544562101364136,
   "nf_b": 0.5112919211387634
  }
 ],
 "medians": {
  "nf": 0.5162352919578552,
  "cos_topk": 0.42739513516426086,
  "rel_ce": 0.9339031017656685
 },
 "verdict": "REFUTED"
}